--------------------------------------------------------
--  파일이 생성됨 - 월요일-8월-28-2023   
--------------------------------------------------------
--------------------------------------------------------
--  DDL for Table BOARD_TBL
--------------------------------------------------------

  CREATE TABLE "BR"."BOARD_TBL" 
   (	"BOARD_NO" NUMBER, 
	"BOARD_SUBJECT" VARCHAR2(100 BYTE), 
	"BOARD_CONTENT" VARCHAR2(1500 BYTE), 
	"BOARD_DATE" TIMESTAMP (6) DEFAULT SYSTIMESTAMP, 
	"BOARD_UPDATE" TIMESTAMP (6) DEFAULT SYSTIMESTAMP, 
	"BOARD_WRITER" VARCHAR2(20 BYTE), 
	"BOARD_FILE_NAME" VARCHAR2(100 BYTE), 
	"BOARD_FILE_RENAME" VARCHAR2(200 BYTE), 
	"BOARD_FILE_PATH" VARCHAR2(300 BYTE), 
	"BOARD_FILE_LENGTH" NUMBER
   ) SEGMENT CREATION IMMEDIATE 
  PCTFREE 10 PCTUSED 40 INITRANS 1 MAXTRANS 255 NOCOMPRESS LOGGING
  STORAGE(INITIAL 65536 NEXT 1048576 MINEXTENTS 1 MAXEXTENTS 2147483645
  PCTINCREASE 0 FREELISTS 1 FREELIST GROUPS 1 BUFFER_POOL DEFAULT FLASH_CACHE DEFAULT CELL_FLASH_CACHE DEFAULT)
  TABLESPACE "SYSTEM" ;
--------------------------------------------------------
--  DDL for Table CUSTOMER_BOARD_TBL
--------------------------------------------------------

  CREATE TABLE "BR"."CUSTOMER_BOARD_TBL" 
   (	"CUSTOMER_BOARD_NO" NUMBER, 
	"CUSTOMER_BOARD_SUBJECT" VARCHAR2(100 BYTE), 
	"CUSTOMER_BOARD_CONTENT" VARCHAR2(1500 BYTE), 
	"CUSTOMER_BOARD_DATE" TIMESTAMP (6) DEFAULT SYSTIMESTAMP, 
	"CUSTOMER_BOARD_WRITER" VARCHAR2(20 BYTE)
   ) SEGMENT CREATION IMMEDIATE 
  PCTFREE 10 PCTUSED 40 INITRANS 1 MAXTRANS 255 NOCOMPRESS LOGGING
  STORAGE(INITIAL 65536 NEXT 1048576 MINEXTENTS 1 MAXEXTENTS 2147483645
  PCTINCREASE 0 FREELISTS 1 FREELIST GROUPS 1 BUFFER_POOL DEFAULT FLASH_CACHE DEFAULT CELL_FLASH_CACHE DEFAULT)
  TABLESPACE "SYSTEM" ;
--------------------------------------------------------
--  DDL for Table ICECREAM_TBL
--------------------------------------------------------

  CREATE TABLE "BR"."ICECREAM_TBL" 
   (	"ICE_NAME" VARCHAR2(40 BYTE), 
	"ICE_IMG_PATH" VARCHAR2(300 BYTE), 
	"MENU_EXPLAIN" VARCHAR2(200 BYTE)
   ) SEGMENT CREATION IMMEDIATE 
  PCTFREE 10 PCTUSED 40 INITRANS 1 MAXTRANS 255 NOCOMPRESS LOGGING
  STORAGE(INITIAL 65536 NEXT 1048576 MINEXTENTS 1 MAXEXTENTS 2147483645
  PCTINCREASE 0 FREELISTS 1 FREELIST GROUPS 1 BUFFER_POOL DEFAULT FLASH_CACHE DEFAULT CELL_FLASH_CACHE DEFAULT)
  TABLESPACE "SYSTEM" ;
--------------------------------------------------------
--  DDL for Table MEMBER_TBL
--------------------------------------------------------

  CREATE TABLE "BR"."MEMBER_TBL" 
   (	"MEMBER_ID" VARCHAR2(20 BYTE), 
	"MEMBER_PW" VARCHAR2(20 BYTE), 
	"MEMBER_NAME" VARCHAR2(15 BYTE), 
	"MEMBER_BIRTHDAY" DATE, 
	"MEMBER_GENDER" CHAR(6 BYTE), 
	"MEMBER_EMAIL" VARCHAR2(50 BYTE), 
	"MEMBER_PHONE" VARCHAR2(11 BYTE), 
	"MEMBER_ADDRESS" VARCHAR2(150 BYTE)
   ) SEGMENT CREATION IMMEDIATE 
  PCTFREE 10 PCTUSED 40 INITRANS 1 MAXTRANS 255 NOCOMPRESS LOGGING
  STORAGE(INITIAL 65536 NEXT 1048576 MINEXTENTS 1 MAXEXTENTS 2147483645
  PCTINCREASE 0 FREELISTS 1 FREELIST GROUPS 1 BUFFER_POOL DEFAULT FLASH_CACHE DEFAULT CELL_FLASH_CACHE DEFAULT)
  TABLESPACE "SYSTEM" ;
--------------------------------------------------------
--  DDL for Table MENU_TBL
--------------------------------------------------------

  CREATE TABLE "BR"."MENU_TBL" 
   (	"MENU_NAME" VARCHAR2(50 BYTE), 
	"MENU_TYPE" VARCHAR2(30 BYTE), 
	"MENU_HOT_ICE" VARCHAR2(3 BYTE), 
	"MENU_PRICE" NUMBER, 
	"MENU_IMG_PATH" VARCHAR2(300 BYTE)
   ) SEGMENT CREATION IMMEDIATE 
  PCTFREE 10 PCTUSED 40 INITRANS 1 MAXTRANS 255 NOCOMPRESS LOGGING
  STORAGE(INITIAL 65536 NEXT 1048576 MINEXTENTS 1 MAXEXTENTS 2147483645
  PCTINCREASE 0 FREELISTS 1 FREELIST GROUPS 1 BUFFER_POOL DEFAULT FLASH_CACHE DEFAULT CELL_FLASH_CACHE DEFAULT)
  TABLESPACE "SYSTEM" ;
REM INSERTING into BR.BOARD_TBL
SET DEFINE OFF;
Insert into BR.BOARD_TBL (BOARD_NO,BOARD_SUBJECT,BOARD_CONTENT,BOARD_DATE,BOARD_UPDATE,BOARD_WRITER,BOARD_FILE_NAME,BOARD_FILE_RENAME,BOARD_FILE_PATH,BOARD_FILE_LENGTH) values (1,'문의1','문의11',to_timestamp('23/08/28 10:29:24.926000000','RR/MM/DD HH24:MI:SSXFF'),to_timestamp('23/08/28 10:29:24.926000000','RR/MM/DD HH24:MI:SSXFF'),'user01','B20230824162311 (1).png','B20230828102924.png','D:\summerworkspace\BRSpring\src\main\webapp\resources\buploadFiles\B20230828102924.png',185404);
Insert into BR.BOARD_TBL (BOARD_NO,BOARD_SUBJECT,BOARD_CONTENT,BOARD_DATE,BOARD_UPDATE,BOARD_WRITER,BOARD_FILE_NAME,BOARD_FILE_RENAME,BOARD_FILE_PATH,BOARD_FILE_LENGTH) values (2,'문의문의','문의',to_timestamp('23/08/28 10:31:19.997000000','RR/MM/DD HH24:MI:SSXFF'),to_timestamp('23/08/28 10:31:19.997000000','RR/MM/DD HH24:MI:SSXFF'),'user01',null,null,null,0);
Insert into BR.BOARD_TBL (BOARD_NO,BOARD_SUBJECT,BOARD_CONTENT,BOARD_DATE,BOARD_UPDATE,BOARD_WRITER,BOARD_FILE_NAME,BOARD_FILE_RENAME,BOARD_FILE_PATH,BOARD_FILE_LENGTH) values (5,'문의내역','문의 99',to_timestamp('23/08/28 11:01:54.937000000','RR/MM/DD HH24:MI:SSXFF'),to_timestamp('23/08/28 11:01:54.937000000','RR/MM/DD HH24:MI:SSXFF'),'user01',null,null,null,0);
REM INSERTING into BR.CUSTOMER_BOARD_TBL
SET DEFINE OFF;
Insert into BR.CUSTOMER_BOARD_TBL (CUSTOMER_BOARD_NO,CUSTOMER_BOARD_SUBJECT,CUSTOMER_BOARD_CONTENT,CUSTOMER_BOARD_DATE,CUSTOMER_BOARD_WRITER) values (1,'user01의 문의글1','user01의 문의글',to_timestamp('23/08/08 16:30:52.436000000','RR/MM/DD HH24:MI:SSXFF'),'user01');
Insert into BR.CUSTOMER_BOARD_TBL (CUSTOMER_BOARD_NO,CUSTOMER_BOARD_SUBJECT,CUSTOMER_BOARD_CONTENT,CUSTOMER_BOARD_DATE,CUSTOMER_BOARD_WRITER) values (2,'user02의 문의글1','user02의 문의글',to_timestamp('23/08/08 16:30:56.476000000','RR/MM/DD HH24:MI:SSXFF'),'user02');
Insert into BR.CUSTOMER_BOARD_TBL (CUSTOMER_BOARD_NO,CUSTOMER_BOARD_SUBJECT,CUSTOMER_BOARD_CONTENT,CUSTOMER_BOARD_DATE,CUSTOMER_BOARD_WRITER) values (3,'user04의 문의글1','user04의 문의글',to_timestamp('23/08/08 16:31:05.352000000','RR/MM/DD HH24:MI:SSXFF'),'user04');
Insert into BR.CUSTOMER_BOARD_TBL (CUSTOMER_BOARD_NO,CUSTOMER_BOARD_SUBJECT,CUSTOMER_BOARD_CONTENT,CUSTOMER_BOARD_DATE,CUSTOMER_BOARD_WRITER) values (4,'user05의 문의글1','user05의 문의글',to_timestamp('23/08/08 16:31:11.160000000','RR/MM/DD HH24:MI:SSXFF'),'user05');
Insert into BR.CUSTOMER_BOARD_TBL (CUSTOMER_BOARD_NO,CUSTOMER_BOARD_SUBJECT,CUSTOMER_BOARD_CONTENT,CUSTOMER_BOARD_DATE,CUSTOMER_BOARD_WRITER) values (5,'user05의 문의글2','user05의 문의글',to_timestamp('23/08/08 16:31:11.175000000','RR/MM/DD HH24:MI:SSXFF'),'user05');
Insert into BR.CUSTOMER_BOARD_TBL (CUSTOMER_BOARD_NO,CUSTOMER_BOARD_SUBJECT,CUSTOMER_BOARD_CONTENT,CUSTOMER_BOARD_DATE,CUSTOMER_BOARD_WRITER) values (6,'user10의 문의글1','user10의 문의글',to_timestamp('23/08/08 16:31:36.914000000','RR/MM/DD HH24:MI:SSXFF'),'user10');
Insert into BR.CUSTOMER_BOARD_TBL (CUSTOMER_BOARD_NO,CUSTOMER_BOARD_SUBJECT,CUSTOMER_BOARD_CONTENT,CUSTOMER_BOARD_DATE,CUSTOMER_BOARD_WRITER) values (7,'user10의 문의글2','user10의 문의글',to_timestamp('23/08/08 16:31:39.363000000','RR/MM/DD HH24:MI:SSXFF'),'user10');
Insert into BR.CUSTOMER_BOARD_TBL (CUSTOMER_BOARD_NO,CUSTOMER_BOARD_SUBJECT,CUSTOMER_BOARD_CONTENT,CUSTOMER_BOARD_DATE,CUSTOMER_BOARD_WRITER) values (8,'user10의 문의글3','user10의 문의글',to_timestamp('23/08/08 16:31:40.981000000','RR/MM/DD HH24:MI:SSXFF'),'user10');
Insert into BR.CUSTOMER_BOARD_TBL (CUSTOMER_BOARD_NO,CUSTOMER_BOARD_SUBJECT,CUSTOMER_BOARD_CONTENT,CUSTOMER_BOARD_DATE,CUSTOMER_BOARD_WRITER) values (9,'user09의 문의글1','user09의 문의글',to_timestamp('23/08/08 16:31:43.843000000','RR/MM/DD HH24:MI:SSXFF'),'user09');
Insert into BR.CUSTOMER_BOARD_TBL (CUSTOMER_BOARD_NO,CUSTOMER_BOARD_SUBJECT,CUSTOMER_BOARD_CONTENT,CUSTOMER_BOARD_DATE,CUSTOMER_BOARD_WRITER) values (10,'user09의 문의글2','user09의 문의글',to_timestamp('23/08/08 16:31:45.621000000','RR/MM/DD HH24:MI:SSXFF'),'user09');
Insert into BR.CUSTOMER_BOARD_TBL (CUSTOMER_BOARD_NO,CUSTOMER_BOARD_SUBJECT,CUSTOMER_BOARD_CONTENT,CUSTOMER_BOARD_DATE,CUSTOMER_BOARD_WRITER) values (11,'user08의 문의글1','user08의 문의글',to_timestamp('23/08/08 16:31:50.525000000','RR/MM/DD HH24:MI:SSXFF'),'user08');
Insert into BR.CUSTOMER_BOARD_TBL (CUSTOMER_BOARD_NO,CUSTOMER_BOARD_SUBJECT,CUSTOMER_BOARD_CONTENT,CUSTOMER_BOARD_DATE,CUSTOMER_BOARD_WRITER) values (12,'user07의 문의글1','user07의 문의글',to_timestamp('23/08/08 16:32:00.773000000','RR/MM/DD HH24:MI:SSXFF'),'user07');
Insert into BR.CUSTOMER_BOARD_TBL (CUSTOMER_BOARD_NO,CUSTOMER_BOARD_SUBJECT,CUSTOMER_BOARD_CONTENT,CUSTOMER_BOARD_DATE,CUSTOMER_BOARD_WRITER) values (13,'user07의 문의글2','user07의 문의글',to_timestamp('23/08/08 16:32:02.110000000','RR/MM/DD HH24:MI:SSXFF'),'user07');
Insert into BR.CUSTOMER_BOARD_TBL (CUSTOMER_BOARD_NO,CUSTOMER_BOARD_SUBJECT,CUSTOMER_BOARD_CONTENT,CUSTOMER_BOARD_DATE,CUSTOMER_BOARD_WRITER) values (14,'user06의 문의글1','user06의 문의글',to_timestamp('23/08/08 16:32:04.872000000','RR/MM/DD HH24:MI:SSXFF'),'user06');
Insert into BR.CUSTOMER_BOARD_TBL (CUSTOMER_BOARD_NO,CUSTOMER_BOARD_SUBJECT,CUSTOMER_BOARD_CONTENT,CUSTOMER_BOARD_DATE,CUSTOMER_BOARD_WRITER) values (15,'user06의 문의글2','user06의 문의글',to_timestamp('23/08/08 16:32:06.540000000','RR/MM/DD HH24:MI:SSXFF'),'user06');
Insert into BR.CUSTOMER_BOARD_TBL (CUSTOMER_BOARD_NO,CUSTOMER_BOARD_SUBJECT,CUSTOMER_BOARD_CONTENT,CUSTOMER_BOARD_DATE,CUSTOMER_BOARD_WRITER) values (16,'user06의 문의글3','user06의 문의글',to_timestamp('23/08/08 16:32:07.696000000','RR/MM/DD HH24:MI:SSXFF'),'user06');
Insert into BR.CUSTOMER_BOARD_TBL (CUSTOMER_BOARD_NO,CUSTOMER_BOARD_SUBJECT,CUSTOMER_BOARD_CONTENT,CUSTOMER_BOARD_DATE,CUSTOMER_BOARD_WRITER) values (17,'user05의 문의글3','user05의 문의글',to_timestamp('23/08/08 16:32:10.367000000','RR/MM/DD HH24:MI:SSXFF'),'user05');
Insert into BR.CUSTOMER_BOARD_TBL (CUSTOMER_BOARD_NO,CUSTOMER_BOARD_SUBJECT,CUSTOMER_BOARD_CONTENT,CUSTOMER_BOARD_DATE,CUSTOMER_BOARD_WRITER) values (18,'user06의 문의글4','user06의 문의글',to_timestamp('23/08/08 16:32:13.792000000','RR/MM/DD HH24:MI:SSXFF'),'user06');
Insert into BR.CUSTOMER_BOARD_TBL (CUSTOMER_BOARD_NO,CUSTOMER_BOARD_SUBJECT,CUSTOMER_BOARD_CONTENT,CUSTOMER_BOARD_DATE,CUSTOMER_BOARD_WRITER) values (19,'user01의 문의글2','user01의 문의글',to_timestamp('23/08/08 16:32:17.312000000','RR/MM/DD HH24:MI:SSXFF'),'user01');
Insert into BR.CUSTOMER_BOARD_TBL (CUSTOMER_BOARD_NO,CUSTOMER_BOARD_SUBJECT,CUSTOMER_BOARD_CONTENT,CUSTOMER_BOARD_DATE,CUSTOMER_BOARD_WRITER) values (20,'user01의 문의글3','user01의 문의글',to_timestamp('23/08/08 16:32:18.852000000','RR/MM/DD HH24:MI:SSXFF'),'user01');
Insert into BR.CUSTOMER_BOARD_TBL (CUSTOMER_BOARD_NO,CUSTOMER_BOARD_SUBJECT,CUSTOMER_BOARD_CONTENT,CUSTOMER_BOARD_DATE,CUSTOMER_BOARD_WRITER) values (21,'user02의 문의글2','user02의 문의글',to_timestamp('23/08/08 16:32:21.083000000','RR/MM/DD HH24:MI:SSXFF'),'user02');
Insert into BR.CUSTOMER_BOARD_TBL (CUSTOMER_BOARD_NO,CUSTOMER_BOARD_SUBJECT,CUSTOMER_BOARD_CONTENT,CUSTOMER_BOARD_DATE,CUSTOMER_BOARD_WRITER) values (22,'user01의 문의글4','user01의 문의글',to_timestamp('23/08/08 16:32:23.333000000','RR/MM/DD HH24:MI:SSXFF'),'user01');
Insert into BR.CUSTOMER_BOARD_TBL (CUSTOMER_BOARD_NO,CUSTOMER_BOARD_SUBJECT,CUSTOMER_BOARD_CONTENT,CUSTOMER_BOARD_DATE,CUSTOMER_BOARD_WRITER) values (23,'user04의 문의글2','user04의 문의글',to_timestamp('23/08/08 16:32:25.761000000','RR/MM/DD HH24:MI:SSXFF'),'user04');
Insert into BR.CUSTOMER_BOARD_TBL (CUSTOMER_BOARD_NO,CUSTOMER_BOARD_SUBJECT,CUSTOMER_BOARD_CONTENT,CUSTOMER_BOARD_DATE,CUSTOMER_BOARD_WRITER) values (24,'user03의 문의글1','user03의 문의글',to_timestamp('23/08/08 16:32:30.895000000','RR/MM/DD HH24:MI:SSXFF'),'user03');
Insert into BR.CUSTOMER_BOARD_TBL (CUSTOMER_BOARD_NO,CUSTOMER_BOARD_SUBJECT,CUSTOMER_BOARD_CONTENT,CUSTOMER_BOARD_DATE,CUSTOMER_BOARD_WRITER) values (25,'user03의 문의글2','user03의 문의글',to_timestamp('23/08/08 16:32:30.910000000','RR/MM/DD HH24:MI:SSXFF'),'user03');
Insert into BR.CUSTOMER_BOARD_TBL (CUSTOMER_BOARD_NO,CUSTOMER_BOARD_SUBJECT,CUSTOMER_BOARD_CONTENT,CUSTOMER_BOARD_DATE,CUSTOMER_BOARD_WRITER) values (26,'user03의 문의글3','user03의 문의글',to_timestamp('23/08/08 16:32:30.926000000','RR/MM/DD HH24:MI:SSXFF'),'user03');
Insert into BR.CUSTOMER_BOARD_TBL (CUSTOMER_BOARD_NO,CUSTOMER_BOARD_SUBJECT,CUSTOMER_BOARD_CONTENT,CUSTOMER_BOARD_DATE,CUSTOMER_BOARD_WRITER) values (27,'user09의 문의글3','user09의 문의글',to_timestamp('23/08/08 16:32:36.603000000','RR/MM/DD HH24:MI:SSXFF'),'user09');
Insert into BR.CUSTOMER_BOARD_TBL (CUSTOMER_BOARD_NO,CUSTOMER_BOARD_SUBJECT,CUSTOMER_BOARD_CONTENT,CUSTOMER_BOARD_DATE,CUSTOMER_BOARD_WRITER) values (28,'user10의 문의글4','user10의 문의글',to_timestamp('23/08/08 16:32:39.184000000','RR/MM/DD HH24:MI:SSXFF'),'user10');
Insert into BR.CUSTOMER_BOARD_TBL (CUSTOMER_BOARD_NO,CUSTOMER_BOARD_SUBJECT,CUSTOMER_BOARD_CONTENT,CUSTOMER_BOARD_DATE,CUSTOMER_BOARD_WRITER) values (29,'user09의 문의글4','user09의 문의글',to_timestamp('23/08/08 16:32:41.903000000','RR/MM/DD HH24:MI:SSXFF'),'user09');
Insert into BR.CUSTOMER_BOARD_TBL (CUSTOMER_BOARD_NO,CUSTOMER_BOARD_SUBJECT,CUSTOMER_BOARD_CONTENT,CUSTOMER_BOARD_DATE,CUSTOMER_BOARD_WRITER) values (30,'user08의 문의글2','user08의 문의글',to_timestamp('23/08/08 16:32:44.416000000','RR/MM/DD HH24:MI:SSXFF'),'user08');
Insert into BR.CUSTOMER_BOARD_TBL (CUSTOMER_BOARD_NO,CUSTOMER_BOARD_SUBJECT,CUSTOMER_BOARD_CONTENT,CUSTOMER_BOARD_DATE,CUSTOMER_BOARD_WRITER) values (31,'user07의 문의글3','user07의 문의글',to_timestamp('23/08/08 16:32:46.706000000','RR/MM/DD HH24:MI:SSXFF'),'user07');
Insert into BR.CUSTOMER_BOARD_TBL (CUSTOMER_BOARD_NO,CUSTOMER_BOARD_SUBJECT,CUSTOMER_BOARD_CONTENT,CUSTOMER_BOARD_DATE,CUSTOMER_BOARD_WRITER) values (32,'user07의 문의글4','user07의 문의글',to_timestamp('23/08/08 16:32:47.847000000','RR/MM/DD HH24:MI:SSXFF'),'user07');
Insert into BR.CUSTOMER_BOARD_TBL (CUSTOMER_BOARD_NO,CUSTOMER_BOARD_SUBJECT,CUSTOMER_BOARD_CONTENT,CUSTOMER_BOARD_DATE,CUSTOMER_BOARD_WRITER) values (33,'user07의 문의글5','user07의 문의글',to_timestamp('23/08/08 16:32:49.054000000','RR/MM/DD HH24:MI:SSXFF'),'user07');
Insert into BR.CUSTOMER_BOARD_TBL (CUSTOMER_BOARD_NO,CUSTOMER_BOARD_SUBJECT,CUSTOMER_BOARD_CONTENT,CUSTOMER_BOARD_DATE,CUSTOMER_BOARD_WRITER) values (34,'user06의 문의글5','user06의 문의글',to_timestamp('23/08/08 16:32:50.929000000','RR/MM/DD HH24:MI:SSXFF'),'user06');
Insert into BR.CUSTOMER_BOARD_TBL (CUSTOMER_BOARD_NO,CUSTOMER_BOARD_SUBJECT,CUSTOMER_BOARD_CONTENT,CUSTOMER_BOARD_DATE,CUSTOMER_BOARD_WRITER) values (35,'user05의 문의글4','user05의 문의글',to_timestamp('23/08/08 16:32:53.128000000','RR/MM/DD HH24:MI:SSXFF'),'user05');
Insert into BR.CUSTOMER_BOARD_TBL (CUSTOMER_BOARD_NO,CUSTOMER_BOARD_SUBJECT,CUSTOMER_BOARD_CONTENT,CUSTOMER_BOARD_DATE,CUSTOMER_BOARD_WRITER) values (36,'user04의 문의글3','user04의 문의글',to_timestamp('23/08/08 16:32:55.382000000','RR/MM/DD HH24:MI:SSXFF'),'user04');
Insert into BR.CUSTOMER_BOARD_TBL (CUSTOMER_BOARD_NO,CUSTOMER_BOARD_SUBJECT,CUSTOMER_BOARD_CONTENT,CUSTOMER_BOARD_DATE,CUSTOMER_BOARD_WRITER) values (37,'user03의 문의글1','user03의 문의글',to_timestamp('23/08/08 16:32:58.342000000','RR/MM/DD HH24:MI:SSXFF'),'user03');
Insert into BR.CUSTOMER_BOARD_TBL (CUSTOMER_BOARD_NO,CUSTOMER_BOARD_SUBJECT,CUSTOMER_BOARD_CONTENT,CUSTOMER_BOARD_DATE,CUSTOMER_BOARD_WRITER) values (38,'user03의 문의글2','user03의 문의글',to_timestamp('23/08/08 16:32:59.716000000','RR/MM/DD HH24:MI:SSXFF'),'user03');
Insert into BR.CUSTOMER_BOARD_TBL (CUSTOMER_BOARD_NO,CUSTOMER_BOARD_SUBJECT,CUSTOMER_BOARD_CONTENT,CUSTOMER_BOARD_DATE,CUSTOMER_BOARD_WRITER) values (39,'user01의 문의글5','user01의 문의글',to_timestamp('23/08/08 16:33:03.425000000','RR/MM/DD HH24:MI:SSXFF'),'user01');
Insert into BR.CUSTOMER_BOARD_TBL (CUSTOMER_BOARD_NO,CUSTOMER_BOARD_SUBJECT,CUSTOMER_BOARD_CONTENT,CUSTOMER_BOARD_DATE,CUSTOMER_BOARD_WRITER) values (40,'user09의 문의글5','user09의 문의글',to_timestamp('23/08/08 16:33:09.967000000','RR/MM/DD HH24:MI:SSXFF'),'user09');
Insert into BR.CUSTOMER_BOARD_TBL (CUSTOMER_BOARD_NO,CUSTOMER_BOARD_SUBJECT,CUSTOMER_BOARD_CONTENT,CUSTOMER_BOARD_DATE,CUSTOMER_BOARD_WRITER) values (41,'user09의 문의글6','user09의 문의글',to_timestamp('23/08/08 16:33:09.981000000','RR/MM/DD HH24:MI:SSXFF'),'user09');
Insert into BR.CUSTOMER_BOARD_TBL (CUSTOMER_BOARD_NO,CUSTOMER_BOARD_SUBJECT,CUSTOMER_BOARD_CONTENT,CUSTOMER_BOARD_DATE,CUSTOMER_BOARD_WRITER) values (42,'user08의 문의글3','user08의 문의글',to_timestamp('23/08/08 16:33:17.028000000','RR/MM/DD HH24:MI:SSXFF'),'user08');
Insert into BR.CUSTOMER_BOARD_TBL (CUSTOMER_BOARD_NO,CUSTOMER_BOARD_SUBJECT,CUSTOMER_BOARD_CONTENT,CUSTOMER_BOARD_DATE,CUSTOMER_BOARD_WRITER) values (43,'user07의 문의글6','user07의 문의글',to_timestamp('23/08/08 16:33:18.956000000','RR/MM/DD HH24:MI:SSXFF'),'user07');
Insert into BR.CUSTOMER_BOARD_TBL (CUSTOMER_BOARD_NO,CUSTOMER_BOARD_SUBJECT,CUSTOMER_BOARD_CONTENT,CUSTOMER_BOARD_DATE,CUSTOMER_BOARD_WRITER) values (44,'user08의 문의글4','user08의 문의글',to_timestamp('23/08/08 16:33:20.846000000','RR/MM/DD HH24:MI:SSXFF'),'user08');
Insert into BR.CUSTOMER_BOARD_TBL (CUSTOMER_BOARD_NO,CUSTOMER_BOARD_SUBJECT,CUSTOMER_BOARD_CONTENT,CUSTOMER_BOARD_DATE,CUSTOMER_BOARD_WRITER) values (45,'user08의 문의글5','user08의 문의글',to_timestamp('23/08/08 16:33:22.078000000','RR/MM/DD HH24:MI:SSXFF'),'user08');
Insert into BR.CUSTOMER_BOARD_TBL (CUSTOMER_BOARD_NO,CUSTOMER_BOARD_SUBJECT,CUSTOMER_BOARD_CONTENT,CUSTOMER_BOARD_DATE,CUSTOMER_BOARD_WRITER) values (46,'user07의 문의글7','user07의 문의글',to_timestamp('23/08/08 16:33:23.421000000','RR/MM/DD HH24:MI:SSXFF'),'user07');
Insert into BR.CUSTOMER_BOARD_TBL (CUSTOMER_BOARD_NO,CUSTOMER_BOARD_SUBJECT,CUSTOMER_BOARD_CONTENT,CUSTOMER_BOARD_DATE,CUSTOMER_BOARD_WRITER) values (47,'user07의 문의글8','user07의 문의글',to_timestamp('23/08/08 16:33:29.503000000','RR/MM/DD HH24:MI:SSXFF'),'user07');
Insert into BR.CUSTOMER_BOARD_TBL (CUSTOMER_BOARD_NO,CUSTOMER_BOARD_SUBJECT,CUSTOMER_BOARD_CONTENT,CUSTOMER_BOARD_DATE,CUSTOMER_BOARD_WRITER) values (48,'user08의 문의글6','user08의 문의글',to_timestamp('23/08/08 16:33:31.321000000','RR/MM/DD HH24:MI:SSXFF'),'user08');
Insert into BR.CUSTOMER_BOARD_TBL (CUSTOMER_BOARD_NO,CUSTOMER_BOARD_SUBJECT,CUSTOMER_BOARD_CONTENT,CUSTOMER_BOARD_DATE,CUSTOMER_BOARD_WRITER) values (49,'user10의 문의글5','user10의 문의글',to_timestamp('23/08/08 16:33:33.661000000','RR/MM/DD HH24:MI:SSXFF'),'user10');
Insert into BR.CUSTOMER_BOARD_TBL (CUSTOMER_BOARD_NO,CUSTOMER_BOARD_SUBJECT,CUSTOMER_BOARD_CONTENT,CUSTOMER_BOARD_DATE,CUSTOMER_BOARD_WRITER) values (50,'user09의 문의글7','user09의 문의글',to_timestamp('23/08/08 16:33:35.874000000','RR/MM/DD HH24:MI:SSXFF'),'user09');
Insert into BR.CUSTOMER_BOARD_TBL (CUSTOMER_BOARD_NO,CUSTOMER_BOARD_SUBJECT,CUSTOMER_BOARD_CONTENT,CUSTOMER_BOARD_DATE,CUSTOMER_BOARD_WRITER) values (51,'user02의 문의글3','user02의 문의글',to_timestamp('23/08/08 16:33:41.043000000','RR/MM/DD HH24:MI:SSXFF'),'user02');
Insert into BR.CUSTOMER_BOARD_TBL (CUSTOMER_BOARD_NO,CUSTOMER_BOARD_SUBJECT,CUSTOMER_BOARD_CONTENT,CUSTOMER_BOARD_DATE,CUSTOMER_BOARD_WRITER) values (52,'user02의 문의글4','user02의 문의글',to_timestamp('23/08/08 16:33:41.057000000','RR/MM/DD HH24:MI:SSXFF'),'user02');
Insert into BR.CUSTOMER_BOARD_TBL (CUSTOMER_BOARD_NO,CUSTOMER_BOARD_SUBJECT,CUSTOMER_BOARD_CONTENT,CUSTOMER_BOARD_DATE,CUSTOMER_BOARD_WRITER) values (53,'user03의 문의글4','user03의 문의글',to_timestamp('23/08/08 16:33:44.190000000','RR/MM/DD HH24:MI:SSXFF'),'user03');
Insert into BR.CUSTOMER_BOARD_TBL (CUSTOMER_BOARD_NO,CUSTOMER_BOARD_SUBJECT,CUSTOMER_BOARD_CONTENT,CUSTOMER_BOARD_DATE,CUSTOMER_BOARD_WRITER) values (54,'user04의 문의글4','user04의 문의글',to_timestamp('23/08/08 16:33:47.961000000','RR/MM/DD HH24:MI:SSXFF'),'user04');
Insert into BR.CUSTOMER_BOARD_TBL (CUSTOMER_BOARD_NO,CUSTOMER_BOARD_SUBJECT,CUSTOMER_BOARD_CONTENT,CUSTOMER_BOARD_DATE,CUSTOMER_BOARD_WRITER) values (55,'user04의 문의글5','user04의 문의글',to_timestamp('23/08/08 16:33:47.975000000','RR/MM/DD HH24:MI:SSXFF'),'user04');
Insert into BR.CUSTOMER_BOARD_TBL (CUSTOMER_BOARD_NO,CUSTOMER_BOARD_SUBJECT,CUSTOMER_BOARD_CONTENT,CUSTOMER_BOARD_DATE,CUSTOMER_BOARD_WRITER) values (56,'user01의 문의글6','user01의 문의글',to_timestamp('23/08/08 16:33:51.793000000','RR/MM/DD HH24:MI:SSXFF'),'user01');
Insert into BR.CUSTOMER_BOARD_TBL (CUSTOMER_BOARD_NO,CUSTOMER_BOARD_SUBJECT,CUSTOMER_BOARD_CONTENT,CUSTOMER_BOARD_DATE,CUSTOMER_BOARD_WRITER) values (57,'user01의 문의글7','user01의 문의글',to_timestamp('23/08/08 16:33:51.808000000','RR/MM/DD HH24:MI:SSXFF'),'user01');
Insert into BR.CUSTOMER_BOARD_TBL (CUSTOMER_BOARD_NO,CUSTOMER_BOARD_SUBJECT,CUSTOMER_BOARD_CONTENT,CUSTOMER_BOARD_DATE,CUSTOMER_BOARD_WRITER) values (58,'user01의 문의글8','user01의 문의글',to_timestamp('23/08/08 16:33:51.824000000','RR/MM/DD HH24:MI:SSXFF'),'user01');
Insert into BR.CUSTOMER_BOARD_TBL (CUSTOMER_BOARD_NO,CUSTOMER_BOARD_SUBJECT,CUSTOMER_BOARD_CONTENT,CUSTOMER_BOARD_DATE,CUSTOMER_BOARD_WRITER) values (59,'user02의 문의글3','user02의 문의글',to_timestamp('23/08/08 16:33:51.840000000','RR/MM/DD HH24:MI:SSXFF'),'user02');
Insert into BR.CUSTOMER_BOARD_TBL (CUSTOMER_BOARD_NO,CUSTOMER_BOARD_SUBJECT,CUSTOMER_BOARD_CONTENT,CUSTOMER_BOARD_DATE,CUSTOMER_BOARD_WRITER) values (60,'user02의 문의글5','user02의 문의글',to_timestamp('23/08/08 16:33:51.856000000','RR/MM/DD HH24:MI:SSXFF'),'user02');
Insert into BR.CUSTOMER_BOARD_TBL (CUSTOMER_BOARD_NO,CUSTOMER_BOARD_SUBJECT,CUSTOMER_BOARD_CONTENT,CUSTOMER_BOARD_DATE,CUSTOMER_BOARD_WRITER) values (61,'user02의 문의글6','user02의 문의글',to_timestamp('23/08/08 16:33:51.872000000','RR/MM/DD HH24:MI:SSXFF'),'user02');
Insert into BR.CUSTOMER_BOARD_TBL (CUSTOMER_BOARD_NO,CUSTOMER_BOARD_SUBJECT,CUSTOMER_BOARD_CONTENT,CUSTOMER_BOARD_DATE,CUSTOMER_BOARD_WRITER) values (62,'user02의 문의글7','user02의 문의글',to_timestamp('23/08/08 16:33:51.888000000','RR/MM/DD HH24:MI:SSXFF'),'user02');
Insert into BR.CUSTOMER_BOARD_TBL (CUSTOMER_BOARD_NO,CUSTOMER_BOARD_SUBJECT,CUSTOMER_BOARD_CONTENT,CUSTOMER_BOARD_DATE,CUSTOMER_BOARD_WRITER) values (63,'user02의 문의글8','user02의 문의글',to_timestamp('23/08/08 16:33:51.904000000','RR/MM/DD HH24:MI:SSXFF'),'user02');
Insert into BR.CUSTOMER_BOARD_TBL (CUSTOMER_BOARD_NO,CUSTOMER_BOARD_SUBJECT,CUSTOMER_BOARD_CONTENT,CUSTOMER_BOARD_DATE,CUSTOMER_BOARD_WRITER) values (64,'user03의 문의글5','user03의 문의글',to_timestamp('23/08/08 16:33:51.920000000','RR/MM/DD HH24:MI:SSXFF'),'user03');
Insert into BR.CUSTOMER_BOARD_TBL (CUSTOMER_BOARD_NO,CUSTOMER_BOARD_SUBJECT,CUSTOMER_BOARD_CONTENT,CUSTOMER_BOARD_DATE,CUSTOMER_BOARD_WRITER) values (65,'user03의 문의글6','user03의 문의글',to_timestamp('23/08/08 16:33:51.937000000','RR/MM/DD HH24:MI:SSXFF'),'user03');
Insert into BR.CUSTOMER_BOARD_TBL (CUSTOMER_BOARD_NO,CUSTOMER_BOARD_SUBJECT,CUSTOMER_BOARD_CONTENT,CUSTOMER_BOARD_DATE,CUSTOMER_BOARD_WRITER) values (66,'user03의 문의글7','user03의 문의글',to_timestamp('23/08/08 16:33:51.952000000','RR/MM/DD HH24:MI:SSXFF'),'user03');
Insert into BR.CUSTOMER_BOARD_TBL (CUSTOMER_BOARD_NO,CUSTOMER_BOARD_SUBJECT,CUSTOMER_BOARD_CONTENT,CUSTOMER_BOARD_DATE,CUSTOMER_BOARD_WRITER) values (67,'user03의 문의글8','user03의 문의글',to_timestamp('23/08/08 16:33:51.968000000','RR/MM/DD HH24:MI:SSXFF'),'user03');
Insert into BR.CUSTOMER_BOARD_TBL (CUSTOMER_BOARD_NO,CUSTOMER_BOARD_SUBJECT,CUSTOMER_BOARD_CONTENT,CUSTOMER_BOARD_DATE,CUSTOMER_BOARD_WRITER) values (68,'user04의 문의글4','user04의 문의글',to_timestamp('23/08/08 16:33:51.982000000','RR/MM/DD HH24:MI:SSXFF'),'user04');
Insert into BR.CUSTOMER_BOARD_TBL (CUSTOMER_BOARD_NO,CUSTOMER_BOARD_SUBJECT,CUSTOMER_BOARD_CONTENT,CUSTOMER_BOARD_DATE,CUSTOMER_BOARD_WRITER) values (69,'user04의 문의글6','user04의 문의글',to_timestamp('23/08/08 16:33:51.998000000','RR/MM/DD HH24:MI:SSXFF'),'user04');
Insert into BR.CUSTOMER_BOARD_TBL (CUSTOMER_BOARD_NO,CUSTOMER_BOARD_SUBJECT,CUSTOMER_BOARD_CONTENT,CUSTOMER_BOARD_DATE,CUSTOMER_BOARD_WRITER) values (70,'user04의 문의글7','user04의 문의글',to_timestamp('23/08/08 16:33:52.013000000','RR/MM/DD HH24:MI:SSXFF'),'user04');
Insert into BR.CUSTOMER_BOARD_TBL (CUSTOMER_BOARD_NO,CUSTOMER_BOARD_SUBJECT,CUSTOMER_BOARD_CONTENT,CUSTOMER_BOARD_DATE,CUSTOMER_BOARD_WRITER) values (71,'user04의 문의글8','user04의 문의글',to_timestamp('23/08/08 16:33:52.029000000','RR/MM/DD HH24:MI:SSXFF'),'user04');
Insert into BR.CUSTOMER_BOARD_TBL (CUSTOMER_BOARD_NO,CUSTOMER_BOARD_SUBJECT,CUSTOMER_BOARD_CONTENT,CUSTOMER_BOARD_DATE,CUSTOMER_BOARD_WRITER) values (72,'user05의 문의글5','user05의 문의글',to_timestamp('23/08/08 16:33:52.044000000','RR/MM/DD HH24:MI:SSXFF'),'user05');
Insert into BR.CUSTOMER_BOARD_TBL (CUSTOMER_BOARD_NO,CUSTOMER_BOARD_SUBJECT,CUSTOMER_BOARD_CONTENT,CUSTOMER_BOARD_DATE,CUSTOMER_BOARD_WRITER) values (73,'user05의 문의글6','user05의 문의글',to_timestamp('23/08/08 16:33:52.060000000','RR/MM/DD HH24:MI:SSXFF'),'user05');
Insert into BR.CUSTOMER_BOARD_TBL (CUSTOMER_BOARD_NO,CUSTOMER_BOARD_SUBJECT,CUSTOMER_BOARD_CONTENT,CUSTOMER_BOARD_DATE,CUSTOMER_BOARD_WRITER) values (74,'user05의 문의글7','user05의 문의글',to_timestamp('23/08/08 16:33:52.076000000','RR/MM/DD HH24:MI:SSXFF'),'user05');
Insert into BR.CUSTOMER_BOARD_TBL (CUSTOMER_BOARD_NO,CUSTOMER_BOARD_SUBJECT,CUSTOMER_BOARD_CONTENT,CUSTOMER_BOARD_DATE,CUSTOMER_BOARD_WRITER) values (75,'user05의 문의글8','user05의 문의글',to_timestamp('23/08/08 16:33:52.092000000','RR/MM/DD HH24:MI:SSXFF'),'user05');
Insert into BR.CUSTOMER_BOARD_TBL (CUSTOMER_BOARD_NO,CUSTOMER_BOARD_SUBJECT,CUSTOMER_BOARD_CONTENT,CUSTOMER_BOARD_DATE,CUSTOMER_BOARD_WRITER) values (76,'user06의 문의글6','user06의 문의글',to_timestamp('23/08/08 16:33:52.108000000','RR/MM/DD HH24:MI:SSXFF'),'user06');
Insert into BR.CUSTOMER_BOARD_TBL (CUSTOMER_BOARD_NO,CUSTOMER_BOARD_SUBJECT,CUSTOMER_BOARD_CONTENT,CUSTOMER_BOARD_DATE,CUSTOMER_BOARD_WRITER) values (77,'user06의 문의글7','user06의 문의글',to_timestamp('23/08/08 16:33:52.124000000','RR/MM/DD HH24:MI:SSXFF'),'user06');
Insert into BR.CUSTOMER_BOARD_TBL (CUSTOMER_BOARD_NO,CUSTOMER_BOARD_SUBJECT,CUSTOMER_BOARD_CONTENT,CUSTOMER_BOARD_DATE,CUSTOMER_BOARD_WRITER) values (78,'user06의 문의글8','user06의 문의글',to_timestamp('23/08/08 16:33:52.140000000','RR/MM/DD HH24:MI:SSXFF'),'user06');
Insert into BR.CUSTOMER_BOARD_TBL (CUSTOMER_BOARD_NO,CUSTOMER_BOARD_SUBJECT,CUSTOMER_BOARD_CONTENT,CUSTOMER_BOARD_DATE,CUSTOMER_BOARD_WRITER) values (79,'user08의 문의글7','user08의 문의글',to_timestamp('23/08/08 16:33:52.157000000','RR/MM/DD HH24:MI:SSXFF'),'user08');
Insert into BR.CUSTOMER_BOARD_TBL (CUSTOMER_BOARD_NO,CUSTOMER_BOARD_SUBJECT,CUSTOMER_BOARD_CONTENT,CUSTOMER_BOARD_DATE,CUSTOMER_BOARD_WRITER) values (80,'user08의 문의글8','user08의 문의글',to_timestamp('23/08/08 16:33:52.172000000','RR/MM/DD HH24:MI:SSXFF'),'user08');
Insert into BR.CUSTOMER_BOARD_TBL (CUSTOMER_BOARD_NO,CUSTOMER_BOARD_SUBJECT,CUSTOMER_BOARD_CONTENT,CUSTOMER_BOARD_DATE,CUSTOMER_BOARD_WRITER) values (81,'user09의 문의글8','user09의 문의글',to_timestamp('23/08/08 16:33:52.188000000','RR/MM/DD HH24:MI:SSXFF'),'user09');
Insert into BR.CUSTOMER_BOARD_TBL (CUSTOMER_BOARD_NO,CUSTOMER_BOARD_SUBJECT,CUSTOMER_BOARD_CONTENT,CUSTOMER_BOARD_DATE,CUSTOMER_BOARD_WRITER) values (82,'user10의 문의글6','user10의 문의글',to_timestamp('23/08/08 16:33:52.204000000','RR/MM/DD HH24:MI:SSXFF'),'user10');
Insert into BR.CUSTOMER_BOARD_TBL (CUSTOMER_BOARD_NO,CUSTOMER_BOARD_SUBJECT,CUSTOMER_BOARD_CONTENT,CUSTOMER_BOARD_DATE,CUSTOMER_BOARD_WRITER) values (83,'user10의 문의글7','user10의 문의글',to_timestamp('23/08/08 16:33:52.221000000','RR/MM/DD HH24:MI:SSXFF'),'user10');
Insert into BR.CUSTOMER_BOARD_TBL (CUSTOMER_BOARD_NO,CUSTOMER_BOARD_SUBJECT,CUSTOMER_BOARD_CONTENT,CUSTOMER_BOARD_DATE,CUSTOMER_BOARD_WRITER) values (84,'user10의 문의글8','user10의 문의글',to_timestamp('23/08/08 16:33:52.236000000','RR/MM/DD HH24:MI:SSXFF'),'user10');
REM INSERTING into BR.ICECREAM_TBL
SET DEFINE OFF;
Insert into BR.ICECREAM_TBL (ICE_NAME,ICE_IMG_PATH,MENU_EXPLAIN) values ('31요거트','D:\summerworkspace\BRSpring\src\main\webapp\resources\image\product\icecream\31요거트.png','유산균이 살아있는 오리지널 요거트 아이스크림');
REM INSERTING into BR.MEMBER_TBL
SET DEFINE OFF;
Insert into BR.MEMBER_TBL (MEMBER_ID,MEMBER_PW,MEMBER_NAME,MEMBER_BIRTHDAY,MEMBER_GENDER,MEMBER_EMAIL,MEMBER_PHONE,MEMBER_ADDRESS) values ('user01','pass01','일번',to_date('94/07/12','RR/MM/DD'),'F     ','user01@gmail.com','01011111111','서울시 중구');
Insert into BR.MEMBER_TBL (MEMBER_ID,MEMBER_PW,MEMBER_NAME,MEMBER_BIRTHDAY,MEMBER_GENDER,MEMBER_EMAIL,MEMBER_PHONE,MEMBER_ADDRESS) values ('user02','pass02','이번',to_date('00/05/10','RR/MM/DD'),'M     ','user02@gmail.com','01022222222','서울시 동대문구');
Insert into BR.MEMBER_TBL (MEMBER_ID,MEMBER_PW,MEMBER_NAME,MEMBER_BIRTHDAY,MEMBER_GENDER,MEMBER_EMAIL,MEMBER_PHONE,MEMBER_ADDRESS) values ('user03','pass03','삼번',to_date('93/07/07','RR/MM/DD'),'F     ','user03@naver.com','01033333333','부산광역시 해운대구');
Insert into BR.MEMBER_TBL (MEMBER_ID,MEMBER_PW,MEMBER_NAME,MEMBER_BIRTHDAY,MEMBER_GENDER,MEMBER_EMAIL,MEMBER_PHONE,MEMBER_ADDRESS) values ('user04','pass04','사번',to_date('90/06/17','RR/MM/DD'),'F     ','user04@naver.com','01044444444','인천광역시 부천구');
Insert into BR.MEMBER_TBL (MEMBER_ID,MEMBER_PW,MEMBER_NAME,MEMBER_BIRTHDAY,MEMBER_GENDER,MEMBER_EMAIL,MEMBER_PHONE,MEMBER_ADDRESS) values ('user05','pass05','오번',to_date('04/08/23','RR/MM/DD'),'M     ','user05@gmail.com','01055555555','강원도 강릉시 화천군');
Insert into BR.MEMBER_TBL (MEMBER_ID,MEMBER_PW,MEMBER_NAME,MEMBER_BIRTHDAY,MEMBER_GENDER,MEMBER_EMAIL,MEMBER_PHONE,MEMBER_ADDRESS) values ('user06','pass06','육번',to_date('96/03/06','RR/MM/DD'),'F     ','user06@gmail.com','01066666666','서울시 성동구');
Insert into BR.MEMBER_TBL (MEMBER_ID,MEMBER_PW,MEMBER_NAME,MEMBER_BIRTHDAY,MEMBER_GENDER,MEMBER_EMAIL,MEMBER_PHONE,MEMBER_ADDRESS) values ('user07','pass07','칠번',to_date('98/01/30','RR/MM/DD'),'M     ','user07@naver.com','01077777777','제주특별자치도 서귀포시');
Insert into BR.MEMBER_TBL (MEMBER_ID,MEMBER_PW,MEMBER_NAME,MEMBER_BIRTHDAY,MEMBER_GENDER,MEMBER_EMAIL,MEMBER_PHONE,MEMBER_ADDRESS) values ('user08','pass08','팔번',to_date('94/04/12','RR/MM/DD'),'F     ','user08@daum.net','01088888888','서울시 서초구');
Insert into BR.MEMBER_TBL (MEMBER_ID,MEMBER_PW,MEMBER_NAME,MEMBER_BIRTHDAY,MEMBER_GENDER,MEMBER_EMAIL,MEMBER_PHONE,MEMBER_ADDRESS) values ('user09','pass09','구번',to_date('01/12/04','RR/MM/DD'),'F     ','user09@naver.com','01099999999','서울시 서대문구');
Insert into BR.MEMBER_TBL (MEMBER_ID,MEMBER_PW,MEMBER_NAME,MEMBER_BIRTHDAY,MEMBER_GENDER,MEMBER_EMAIL,MEMBER_PHONE,MEMBER_ADDRESS) values ('user10','pass10','십번',to_date('99/11/18','RR/MM/DD'),'F     ','user10@gmail.com','01010101010','전라남도 나주시 나주시');
Insert into BR.MEMBER_TBL (MEMBER_ID,MEMBER_PW,MEMBER_NAME,MEMBER_BIRTHDAY,MEMBER_GENDER,MEMBER_EMAIL,MEMBER_PHONE,MEMBER_ADDRESS) values ('user11','pass11','십일번',to_date('87/05/14','RR/MM/DD'),'F     ','user11@naver.com','01011111111','서울시 중구');
Insert into BR.MEMBER_TBL (MEMBER_ID,MEMBER_PW,MEMBER_NAME,MEMBER_BIRTHDAY,MEMBER_GENDER,MEMBER_EMAIL,MEMBER_PHONE,MEMBER_ADDRESS) values ('user12','pass12','십일번',to_date('95/07/14','RR/MM/DD'),'F     ','user12@naver.com','01012121212','서울시 중구');
Insert into BR.MEMBER_TBL (MEMBER_ID,MEMBER_PW,MEMBER_NAME,MEMBER_BIRTHDAY,MEMBER_GENDER,MEMBER_EMAIL,MEMBER_PHONE,MEMBER_ADDRESS) values ('user13','pass13','십일번',to_date('95/07/14','RR/MM/DD'),'F     ','user13@naver.com','01013131313','서울시 중구');
Insert into BR.MEMBER_TBL (MEMBER_ID,MEMBER_PW,MEMBER_NAME,MEMBER_BIRTHDAY,MEMBER_GENDER,MEMBER_EMAIL,MEMBER_PHONE,MEMBER_ADDRESS) values ('user14','pass14','십일번',to_date('95/07/14','RR/MM/DD'),'F     ','user14@naver.com','01014141414','서울시 중구');
Insert into BR.MEMBER_TBL (MEMBER_ID,MEMBER_PW,MEMBER_NAME,MEMBER_BIRTHDAY,MEMBER_GENDER,MEMBER_EMAIL,MEMBER_PHONE,MEMBER_ADDRESS) values ('user15','pass15','십오번',to_date('95/07/14','RR/MM/DD'),'F     ','user15@naver.com','01015151515','서울시 중구');
Insert into BR.MEMBER_TBL (MEMBER_ID,MEMBER_PW,MEMBER_NAME,MEMBER_BIRTHDAY,MEMBER_GENDER,MEMBER_EMAIL,MEMBER_PHONE,MEMBER_ADDRESS) values ('brsystem','syspass','관리자',to_date('00/01/01','RR/MM/DD'),null,null,null,null);
REM INSERTING into BR.MENU_TBL
SET DEFINE OFF;
--------------------------------------------------------
--  DDL for Index SYS_C007340
--------------------------------------------------------

  CREATE UNIQUE INDEX "BR"."SYS_C007340" ON "BR"."BOARD_TBL" ("BOARD_NO") 
  PCTFREE 10 INITRANS 2 MAXTRANS 255 
  STORAGE(INITIAL 65536 NEXT 1048576 MINEXTENTS 1 MAXEXTENTS 2147483645
  PCTINCREASE 0 FREELISTS 1 FREELIST GROUPS 1 BUFFER_POOL DEFAULT FLASH_CACHE DEFAULT CELL_FLASH_CACHE DEFAULT)
  TABLESPACE "SYSTEM" ;
--------------------------------------------------------
--  DDL for Index SYS_C007282
--------------------------------------------------------

  CREATE UNIQUE INDEX "BR"."SYS_C007282" ON "BR"."CUSTOMER_BOARD_TBL" ("CUSTOMER_BOARD_NO") 
  PCTFREE 10 INITRANS 2 MAXTRANS 255 COMPUTE STATISTICS 
  STORAGE(INITIAL 65536 NEXT 1048576 MINEXTENTS 1 MAXEXTENTS 2147483645
  PCTINCREASE 0 FREELISTS 1 FREELIST GROUPS 1 BUFFER_POOL DEFAULT FLASH_CACHE DEFAULT CELL_FLASH_CACHE DEFAULT)
  TABLESPACE "SYSTEM" ;
--------------------------------------------------------
--  DDL for Index SYS_C007346
--------------------------------------------------------

  CREATE UNIQUE INDEX "BR"."SYS_C007346" ON "BR"."ICECREAM_TBL" ("ICE_NAME") 
  PCTFREE 10 INITRANS 2 MAXTRANS 255 
  STORAGE(INITIAL 65536 NEXT 1048576 MINEXTENTS 1 MAXEXTENTS 2147483645
  PCTINCREASE 0 FREELISTS 1 FREELIST GROUPS 1 BUFFER_POOL DEFAULT FLASH_CACHE DEFAULT CELL_FLASH_CACHE DEFAULT)
  TABLESPACE "SYSTEM" ;
--------------------------------------------------------
--  DDL for Index SYS_C007278
--------------------------------------------------------

  CREATE UNIQUE INDEX "BR"."SYS_C007278" ON "BR"."MEMBER_TBL" ("MEMBER_ID") 
  PCTFREE 10 INITRANS 2 MAXTRANS 255 COMPUTE STATISTICS 
  STORAGE(INITIAL 65536 NEXT 1048576 MINEXTENTS 1 MAXEXTENTS 2147483645
  PCTINCREASE 0 FREELISTS 1 FREELIST GROUPS 1 BUFFER_POOL DEFAULT FLASH_CACHE DEFAULT CELL_FLASH_CACHE DEFAULT)
  TABLESPACE "SYSTEM" ;
--------------------------------------------------------
--  DDL for Index SYS_C007343
--------------------------------------------------------

  CREATE UNIQUE INDEX "BR"."SYS_C007343" ON "BR"."MENU_TBL" ("MENU_NAME") 
  PCTFREE 10 INITRANS 2 MAXTRANS 255 
  STORAGE(INITIAL 65536 NEXT 1048576 MINEXTENTS 1 MAXEXTENTS 2147483645
  PCTINCREASE 0 FREELISTS 1 FREELIST GROUPS 1 BUFFER_POOL DEFAULT FLASH_CACHE DEFAULT CELL_FLASH_CACHE DEFAULT)
  TABLESPACE "SYSTEM" ;
--------------------------------------------------------
--  Constraints for Table BOARD_TBL
--------------------------------------------------------

  ALTER TABLE "BR"."BOARD_TBL" ADD PRIMARY KEY ("BOARD_NO")
  USING INDEX PCTFREE 10 INITRANS 2 MAXTRANS 255 
  STORAGE(INITIAL 65536 NEXT 1048576 MINEXTENTS 1 MAXEXTENTS 2147483645
  PCTINCREASE 0 FREELISTS 1 FREELIST GROUPS 1 BUFFER_POOL DEFAULT FLASH_CACHE DEFAULT CELL_FLASH_CACHE DEFAULT)
  TABLESPACE "SYSTEM"  ENABLE;
  ALTER TABLE "BR"."BOARD_TBL" MODIFY ("BOARD_WRITER" NOT NULL ENABLE);
  ALTER TABLE "BR"."BOARD_TBL" MODIFY ("BOARD_CONTENT" NOT NULL ENABLE);
  ALTER TABLE "BR"."BOARD_TBL" MODIFY ("BOARD_SUBJECT" NOT NULL ENABLE);
--------------------------------------------------------
--  Constraints for Table CUSTOMER_BOARD_TBL
--------------------------------------------------------

  ALTER TABLE "BR"."CUSTOMER_BOARD_TBL" ADD PRIMARY KEY ("CUSTOMER_BOARD_NO")
  USING INDEX PCTFREE 10 INITRANS 2 MAXTRANS 255 COMPUTE STATISTICS 
  STORAGE(INITIAL 65536 NEXT 1048576 MINEXTENTS 1 MAXEXTENTS 2147483645
  PCTINCREASE 0 FREELISTS 1 FREELIST GROUPS 1 BUFFER_POOL DEFAULT FLASH_CACHE DEFAULT CELL_FLASH_CACHE DEFAULT)
  TABLESPACE "SYSTEM"  ENABLE;
  ALTER TABLE "BR"."CUSTOMER_BOARD_TBL" MODIFY ("CUSTOMER_BOARD_WRITER" NOT NULL ENABLE);
  ALTER TABLE "BR"."CUSTOMER_BOARD_TBL" MODIFY ("CUSTOMER_BOARD_CONTENT" NOT NULL ENABLE);
  ALTER TABLE "BR"."CUSTOMER_BOARD_TBL" MODIFY ("CUSTOMER_BOARD_SUBJECT" NOT NULL ENABLE);
--------------------------------------------------------
--  Constraints for Table ICECREAM_TBL
--------------------------------------------------------

  ALTER TABLE "BR"."ICECREAM_TBL" ADD PRIMARY KEY ("ICE_NAME")
  USING INDEX PCTFREE 10 INITRANS 2 MAXTRANS 255 
  STORAGE(INITIAL 65536 NEXT 1048576 MINEXTENTS 1 MAXEXTENTS 2147483645
  PCTINCREASE 0 FREELISTS 1 FREELIST GROUPS 1 BUFFER_POOL DEFAULT FLASH_CACHE DEFAULT CELL_FLASH_CACHE DEFAULT)
  TABLESPACE "SYSTEM"  ENABLE;
  ALTER TABLE "BR"."ICECREAM_TBL" MODIFY ("ICE_IMG_PATH" NOT NULL ENABLE);
--------------------------------------------------------
--  Constraints for Table MEMBER_TBL
--------------------------------------------------------

  ALTER TABLE "BR"."MEMBER_TBL" ADD PRIMARY KEY ("MEMBER_ID")
  USING INDEX PCTFREE 10 INITRANS 2 MAXTRANS 255 COMPUTE STATISTICS 
  STORAGE(INITIAL 65536 NEXT 1048576 MINEXTENTS 1 MAXEXTENTS 2147483645
  PCTINCREASE 0 FREELISTS 1 FREELIST GROUPS 1 BUFFER_POOL DEFAULT FLASH_CACHE DEFAULT CELL_FLASH_CACHE DEFAULT)
  TABLESPACE "SYSTEM"  ENABLE;
  ALTER TABLE "BR"."MEMBER_TBL" MODIFY ("MEMBER_BIRTHDAY" NOT NULL ENABLE);
  ALTER TABLE "BR"."MEMBER_TBL" MODIFY ("MEMBER_NAME" NOT NULL ENABLE);
  ALTER TABLE "BR"."MEMBER_TBL" MODIFY ("MEMBER_PW" NOT NULL ENABLE);
--------------------------------------------------------
--  Constraints for Table MENU_TBL
--------------------------------------------------------

  ALTER TABLE "BR"."MENU_TBL" ADD PRIMARY KEY ("MENU_NAME")
  USING INDEX PCTFREE 10 INITRANS 2 MAXTRANS 255 
  STORAGE(INITIAL 65536 NEXT 1048576 MINEXTENTS 1 MAXEXTENTS 2147483645
  PCTINCREASE 0 FREELISTS 1 FREELIST GROUPS 1 BUFFER_POOL DEFAULT FLASH_CACHE DEFAULT CELL_FLASH_CACHE DEFAULT)
  TABLESPACE "SYSTEM"  ENABLE;
  ALTER TABLE "BR"."MENU_TBL" MODIFY ("MENU_PRICE" NOT NULL ENABLE);
  ALTER TABLE "BR"."MENU_TBL" MODIFY ("MENU_TYPE" NOT NULL ENABLE);
