<?xml version="1.0" encoding="UTF-8"?>
<!DOCTYPE configuration
  PUBLIC "-//mybatis.org//DTD Config 3.0//EN"
  "https://mybatis.org/dtd/mybatis-3-config.dtd">
<configuration>
	<typeAliases>
		<typeAlias type="kr.co.baskinrobbins.member.domain.Member" alias="Member"/>
		<typeAlias type="kr.co.baskinrobbins.board.domain.Board" alias="Board"/>
	</typeAliases>
	<!-- 메퍼 만들고 등록하기 -->
	<mappers>
		<mapper resource="mappers/member-mapper.xml"/>
		<mapper resource="mappers/board-mapper.xml"/>
	</mappers>
</configuration>  