<?xml version="1.0" encoding="UTF-8"?>
<!DOCTYPE mapper
  PUBLIC "-//mybatis.org//DTD Mapper 3.0//EN"
  "http://mybatis.org/dtd/mybatis-3-mapper.dtd">
 <mapper namespace="BoardMapper">
 	<resultMap type="kr.co.baskinrobbins.board.domain.Board" id="boardResultMap">
 		<id 	property="boardNo" column="BOARD_NO"/>
 		<result property="boardSubject" column="BOARD_SUBJECT"/>
 		<result property="boardContent"   column="BOARD_CONTENT"/>
 		<result property="boardDate"   column="BOARD_DATE"/>
 		<result property="boardWriter"   column="BOARD_WRITER"/>
 		<result property="boardWriterName"   column="BOARD_WRITER_NAME"/>
 	</resultMap>
	<select id="selectBoardListCount" resultType="_int">
		SELECT COUNT(*) FROM BOARD_TBL
	</select>
	<select id="selectBoardList" resultMap="boardResultMap">
		SELECT * FROM BOARD_TBL WHERE BOARD_WRITER = #{boardWriter}
	</select>
</mapper>